pmid,title,abstract,authors,first_author_affiliation,journal,pub_date,doi,score,matched_keywords,api_keywords
41955547,Building Public Health Data Dashboards: Tutorial Playbook.,"<h4>Unlabelled</h4>Public health data dashboards have substantial potential to improve transparency, understanding, and decision-making at multiple levels, from individuals to public health practitioners and policymakers. However, creating effective dashboards presents many challenges. In this case-based tutorial on public health dashboard development, we share lessons learned from our experience developing data dashboards for the HEALing Communities Study (HCS), a National Institutes of Health (NIH)-funded, community-engaged intervention to deploy evidence-based practices to reduce opioid overdose deaths in 67 communities across 4 states. We present key decision points dashboard teams must address, along with the major considerations and trade-offs that shaped our approach. First, we describe core considerations of the who, what, why, where, when, and how of data dashboard development. Second, we outline steps in data curation, including the identification of key metrics and potential data sources and developing processes to acquire the data. Third, we discuss practical aspects of developing data visualizations that can effectively communicate key messages to the end users of interest. Fourth, we describe the infrastructure considerations to host and publish data dashboards. And finally, we discuss maintenance and sustainability of the dashboard. While the material can be read sequentially as a step-by-step guide, we refer to this resource as a ""playbook"" because readers may engage with specific domains in a random-access fashion, that is, based on their specific needs and/or starting point rather than a fixed sequence. The information, supplemental materials, and resources will assist individuals and organizations seeking to build data dashboards by fostering context-sensitive evaluation of design and implementation choices to realize the promise of data-driven decision-making.",Wu E; Balise R; Katz B; Harris D; Bullard M; Fareed N; Larochelle M; Villani J,"Social Intervention Group, Columbia University School of Social Work, 1255 Amsterdam Avenue, New York, NY, 10027, United States, 1 917-439-7391.",JMIR public health and surveillance,2026-04-09,10.2196/83157,16.7,"visualization(kw,abstract); dashboard(kw,title,abstract); visual(kw,abstract); data(kw,title,abstract)",Public Health; Drug Overdose; Data Visualization; Opioid Epidemic; Dashboard Systems
41952533,"Extended Reality in Neurosurgery : Surgical Planning, Navigation, Education, and Patient Communication.","Extended reality (XR), encompassing virtual reality (VR), augmented reality (AR), and mixed reality (MR), has emerged as a transformative technology in neurosurgery. This narrative review examines the current applications of XR technologies across four major domains: surgical planning and visualization, intraoperative navigation, medical education and training, and patient/caregiver communication. The integration of artificial intelligence (AI)-based lesion segmentation with XR platforms has enabled precise three-dimensional visualization of complex intracranial pathologies. Modern AR navigation systems, utilizing both optical see-through (OST) and video see-through (VST) head-mounted displays, have demonstrated submillimeter accuracy in recent clinical studies. Educational applications of XR have shown significant improvements in anatomical understanding and surgical skill acquisition among neurosurgery trainees. Furthermore, XR-enhanced patient communication tools have improved comprehension of complex neurosurgical procedures and informed consent quality. Despite current limitations including hardware constraints, workflow integration challenges, and the need for larger validation studies, XR technologies hold substantial promise for advancing pediatric neurosurgical care. This review provides a critical analysis of current evidence, discusses the advantages and limitations of different XR modalities, and offers perspectives on future developments in this rapidly evolving field.",Roh TH; Choi S; Moon JH; Kim EH; Kang SG; Chang JH,"Department of Neurosurgery, Brain Tumor Center, Severance Hospital, Yonsei University College of Medicine, Seoul, Korea.",Journal of Korean Neurosurgical Society,2026-04-09,10.3340/jkns.2026.0047,5.5,"visualization(abstract); visual(abstract); artificial intelligence(kw,abstract)",Artificial intelligence; Pediatric Neurosurgery; Patient Communication; Surgical Navigation; Extended Reality
41942534,"Development, validation, and visualization of a novel nomogram for predicting clinical outcomes of postoperative cervical cancer patients.","To develop a context-aware multi-instance learning (TransMIL) model based on whole-slide pathological images and integrate it with clinical parameters, thereby constructing a multimodal model for prognostic prediction in postoperative cervical cancer patients. Data (including pathological images and clinical information) were collected from patients diagnosed with cervical cancer via pathological examination who underwent surgery at the First Medical Centre of the Chinese People's Liberation Army General Hospital between May 2017 and May 2023. After integration and screening, 374 patients were enrolled. To maximize the use of all available samples and obtain a robust performance estimate, we employed a rigorous patient-level nested five-fold cross-validation strategy for model development and evaluation. The CLAM algorithm was employed for attention-based, interpretable foreground segmentation. By integrating TransMIL with global context encoding techniques, spatial dependencies of tissue structures were captured to extract deep image features. And fused them with clinical features to predict the prognosis of patients. The predictive performance of each model was evaluated using the C-index. Overall survival (OS) and disease-free survival (DFS) were assessed via the Kaplan-Meier method. Model performance was further evaluated using calibration curves and decision curve analysis (DCA) curves. The predictive model integrating clinical-pathological characteristics demonstrated favourable prognostic capability. Models based on pathological images alone and combined clinical-Pathomics Models were used to predict 3-year and 5-year disease-free survival (DFS) and overall survival (OS), respectively. For OS prediction, the clinical-Pathomics Model achieved a C-index of 0.700, outperforming the pathomic model (C-index: 0.631) and the clinical model(C-index: 0.690). Similarly, for DFS prediction, the clinical-Pathomics Model (C-index: 0.626) surpassed the pathomic model (C-index: 0.549). Based on model nomogram scores, patients were effectively stratified into high-risk and low-risk cohorts, with Kaplan-Meier curves revealing statistically significant differences in survival rates between groups. Further evaluation via time-dependent ROC analysis, calibration curves, and decision curve analysis confirmed the model's robust predictive accuracy and clinical applicability. A clinical-Pathomics Model was developed to predict 3-year and 5-year DFS and OS in postoperative cervical cancer patients. This model represents a promising approach for for patient risk stratification.",Liu Y; You J; Liu D; Wen L; Liu H; Gu C; Zhao W; Shi H; Liu A; Song T; Yang W; Wang H,"Medical School of Chinese PLA, Beijing, China.",Scientific reports,2026-04-06,10.1038/s41598-026-42652-3,4.5,visualization(title); visual(title); data(abstract),Cervical cancer; Disease-free Survival; Overall Survival; Deep Learning; Mil; Pathological Images
41944380,A novel approach for visualizing local consistency in network meta-analysis.,"Network meta-analysis is the established method to pool evidence from multiple clinical trials and make direct and indirect comparisons between different treatments. To ensure its validity, one of the major assumptions requiring examination is that the different sources of information are consistent, which is to say that the direct and indirect effect estimates agree. There are at least three different aspects to consider: (1) the original effect sizes of the direct and indirect treatment effects and their relative contribution to the total evidence; (2) the difference between them and its associated uncertainty/significance; and (3) the type of difference between them, that is, whether the direct and indirect estimates agree that a treatment is beneficial or harmful. Current visualization approaches typically use forest plots or heat maps, but these are limited as at least one of the above aspects is usually absent. Furthermore, as the number of treatments in the network increases, these visualizations can become difficult to understand. We present a visualization that combines the three aspects without being too difficult to interpret, outline the mathematical background and provide the code to produce it in R.",Wilson H; Schönstein A; Robson S; Bonofiglio F,"Evidence & Value Generation, Veramed Ltd, United Kingdom.",Research synthesis methods,2026-04-07,10.1017/rsm.2026.10082,4.1,"visualization(abstract); visual(title,abstract)",Evidence Synthesis; Consistency; Transitivity; Nma; Indirect Comparisons
41954295,Construction of a Renal-Clearable NIR Fluorescent Probe with Sequential Response to Peroxynitrite/Hypochlorous Acid for Visualizing Autophagy Progression in Cisplatin-Induced Acute Kidney Injury.,"Acute kidney injury (AKI) caused by cisplatin (Cis) is still a clinical challenge that frequently leads to irreversible renal function decline. <i>In situ</i> monitoring of nitrosative/oxidative stress associated with early stage injury in AKI is essential for early AKI detection and elucidation of autophagy-related mechanisms. Targeted detection of peroxynitrite (ONOO<sup>-</sup>)/hypochlorous acid (HClO) within the kidneys may provide crucial insights for early diagnosis and therapeutic intervention of AKI. Fluorescence imaging, known for its excellent spatial resolution, sensitivity, and noninvasive nature, has demonstrated significant promise in biomedicine. This study developed a renal-clearable near-infrared (NIR) fluorescent probe (<b>KNOP</b>) capable of sequential recognition of ONOO<sup>-</sup>/HClO with high sensitivity and a rapid response. And this ""sequential-lock"" mechanism effectively reduces the false-positive results from single marker detection. <b>KNOP</b> allowed for sensitive monitoring of abnormal changes in ONOO<sup>-</sup>/HClO during both the induction and treatment of AKI with a good biocompatibility and was applied to monitoring autophagy in Cis-induced AKI. Furthermore, <b>KNOP</b> exhibited favorable renal clearance and high imaging contrast, enabling successful <i>in situ</i> visualization of these reactive species during AKI progression and therapeutic intervention. More significantly, the probe <b>KNOP</b> effectively identified patients with renal injury in clinical serum samples, as well. These findings demonstrate that <b>KNOP</b> serves as an effective renal-clearable tool for understanding nitrosative/oxidative stress and autophagy mechanisms while also underscoring the potential value of ONOO<sup>-</sup>/HClO as promising biomarkers for early AKI recognition and intervention.",Gao Y; Zeng J; Shen Y; Yang T; Huang Z; Li S; Zhang HS; Zhou J; Cheng D; He L,"School of Pharmaceutical Science & Department of Ultrasound Medicine, The First Affiliated Hospital, Hengyang Medical School, University of South China, Hengyang 421002, P. R. China.",Analytical chemistry,2026-04-09,10.1021/acs.analchem.6c01309,4.1,"visualization(abstract); visual(title,abstract)",
41957991,Carpal Tunnel Syndrome Diagnosis: A Narrative Review of Complementary Roles of Neuromuscular Ultrasound and Electrodiagnostic Studies.,"Carpal tunnel syndrome (CTS), the most prevalent entrapment neuropathy of the upper extremities, presents diagnostic challenges due to nonspecific clinical symptoms and discrepancies between subjective experiences and objective findings. Traditional reliance on electrodiagnostic studies (EDX), including nerve conduction studies (NCS) and electromyography, as the traditional reference method for assessing median nerve function is limited by invasiveness, operator dependency, and reduced sensitivity in mild cases. Neuromuscular ultrasound (NMUS) has emerged as a non-invasive complementary imaging method, enabling visualization of morphological changes such as increased median nerve cross-sectional area (CSA) and restricted gliding. This narrative review synthesizes evidence on the diagnostic utility of NMUS and EDX. We found that while EDX remains the reference standard for functional grading (eg, distal motor latency), it is limited by its invasiveness. Conversely, NMUS excels in identifying anatomical pathologies (eg, CSA ≥10 mm²) but is operator dependent. Rather than using a single tool, we demonstrate that combining EDX's physiological precision with NMUS's anatomical visualization offers the highest diagnostic accuracy. Recent trends favor artificial intelligence (AI) integration and standardized multimodal protocols to bridge the current implementation gaps.",Dong Y; Zhuang Y; Li L; Li Y; Dai H,"Department of Ultrasound, Jiashan Second People's Hospital, Jiaxing, Zhejiang, China.",Medical science monitor : international medical journal of experimental and clinical research,2026-04-10,10.12659/msm.952034,3.5,visualization(abstract); visual(abstract); artificial intelligence(abstract),
41944487,"Magnetically controlled capsule endoscopy: Innovations, standardized practice, and emerging clinical roles.","<h4>Abstract</h4>Capsule endoscopy has transformed small bowel evaluation but remains limited for gastric examination because of passive, peristalsis dependent movement. Magnetically controlled capsule endoscopy (MCE) addresses this limitation by enabling real time external steering of the capsule, allowing systematic visualization of the spacious gastric cavity without sedation or intubation. Since the first human application in 2010, multiple MCE platforms have been developed and validated, including handheld, magnetic resonance based, and robotic arm systems, with the latter now representing the dominant clinical platform. Clinical trials have demonstrated that robotic arm MCE achieves diagnostic accuracy comparable to conventional esophagogastroduodenoscopy for the detection of gastric lesions, while offering superior patient tolerance. In parallel, standardized examination protocols have been established, ensuring reproducible gastric preparation, complete mucosal coverage, and structured reporting. Recent technological advances, including higher resolution imaging, detachable string technology for combined esophageal and gastric examination, improved magnetic steering, and artificial intelligence assisted image analysis, have further expanded the diagnostic capability and efficiency of MCE. Importantly, the noninvasive and well tolerated nature of MCE supports its use in populations at increased risk from conventional endoscopy, including children, elderly patients, individuals with liver cirrhosis, and those receiving antiplatelet therapy. This review summarizes current MCE technologies, standardized clinical practice, and diagnostic performance, and discusses emerging clinical roles and future challenges. MCE is evolving from a novel diagnostic tool into a practical and well-tolerated noninvasive modality for upper gastrointestinal evaluation.",Jiang X; He C; Qiu X; Chen Y; Zhou W; Li Z; Liao Z,"Department of Gastroenterology, National Clinical Research Center for Digestive Diseases, Changhai Hospital, Naval Medical University, Shanghai, China.",Clinical and translational gastroenterology,2026-04-07,10.14309/ctg.0000000000001034,3.5,visualization(abstract); visual(abstract); artificial intelligence(abstract),Stomach; Magnetic; Capsule endoscopy; Oesophagus; Gastrointestinal
41961955,Multigated DNA Cascade Amplifier for Ultrasensitive Spatiotemporal Imaging of PLS3 mRNA at the Single-Cell Level for Early Detection of Breast Cancer Metastasis.,"Early detection of small metastatic foci is crucial for improving breast cancer patient survival. Plastin-3 (PLS3) has emerged as a key biomarker in breast cancer metastasis due to its role in cytoskeletal remodeling and cell motility. Herein, we developed a multigated DNA cascade amplifier (MDCA) for the highly sensitive and specific detection of PLS3 mRNA. This system integrates a multigated activation strategy and dual signal amplification, ensuring both precise spatiotemporal control and high sensitivity in imaging of breast cancer metastasis. DNA hairpin probes were preadsorbed on MnO<sub>2</sub> nanoflowers to facilitate intracellular delivery, while intracellular glutathione (GSH) and external UV light enabled programmed probe release. The combination of PLS3 mRNA-triggered hybridization chain reaction (HCR) and APE1-mediated enzyme catalytic amplification leads to a notable increase in detection sensitivity, achieving a detection limit of 5.8 aM. The MDCA was applied for in vitro sensing of PLS3 mRNA in breast cancer cell lines at the single-cell level. More importantly, with the aid of machine learning models, the MDCA facilitates the visualization of breast cancer metastasis in clinical tissue samples, with an excellent accuracy of more than 92%. This method holds great promise for early diagnosis, evaluating metastasis risk, and advancing precision oncology.",Wang K; Liu X; Tang B; Yu H; Liu R; Wen M; Kai T,"Xiangya School of Public Health, Central South University, Changsha, Hunan 410013, China.",Analytical chemistry,2026-04-10,10.1021/acs.analchem.5c07700,3.5,visualization(abstract); visual(abstract); machine learning(abstract),
41957071,Non-invasive endometriosis staging prediction using integrated radiomics and spatiotemporal transformer model based on dynamic contrast-enhanced MRI.,"Precise staging of endometriosis remains a clinical challenge, as current diagnosis depends almost entirely on laparoscopic visualization-an invasive procedure marked by considerable inter-observer disagreement and diagnostic delays. Existing non-invasive approaches, whether based on conventional machine learning with handcrafted features or end-to-end deep learning architectures, have shown limited success in capturing the complex spatiotemporal characteristics of endometriotic lesions on dynamic imaging. Traditional radiomics methods struggle to model temporal enhancement patterns, while pure deep learning approaches often overlook domain-specific textural signatures that correlate with disease severity. To address these limitations, we developed a computational framework that combines the interpretability of engineered radiomics features with the representational power of spatiotemporal Transformers, specifically designed for dynamic contrast-enhanced magnetic resonance imaging sequences. Our dual-pathway architecture employs cross-modal attention mechanisms that allow bidirectional refinement between texture-based descriptors and learned spatiotemporal representations, alongside adaptive weighting that adjusts feature contributions based on individual case characteristics. When evaluated on a multi-institutional cohort of 486 surgically confirmed cases, the model achieved 87.8% accuracy with a macro-averaged F1-score of 0.854 on the test set, substantially outperforming both traditional machine learning baselines and single-modality deep networks. Independent validation on 127 retrospective patients from an external center demonstrated consistent performance with 85.0% accuracy, suggesting reasonable generalization across different clinical settings. Attention weight visualizations revealed that the model appropriately focuses on anatomical structures documented in surgical staging criteria, including ovarian endometriomas, deep infiltrating sites, and peritoneal implants. By providing interpretable staging predictions with quantified confidence levels, this framework may support preoperative risk stratification and assist clinicians in identifying patients who would benefit most from surgical intervention, though its ultimate impact on treatment decision-making requires further retrospective evaluation.",Xie H; Peng C; Hui L; Zhou Y; Zeng L,"Hunan Medical College General Hospital, Huaihua, 418000, Hunan, China.",Scientific reports,2026-04-09,10.1038/s41598-026-41499-y,3.5,visualization(abstract); visual(abstract); machine learning(abstract),Dynamic Contrast-enhanced Mri; Deep Learning; Radiomics; Non-invasive Prediction; Endometriosis Staging; Spatiotemporal Transformer
41938048,Near-Infrared Fluorescence Imaging for Intraoperative Perfusion Assessment of the Bone During Elective Non-union Surgery: A Feasibility Study.,"<h4>Background</h4>Fracture non-union cause chronic pain, dysfunction, and high healthcare costs. Treatment consists of revitalizing the nonhealed fracture site through debridement, bone resection, grafting, or stabilization if indicated. Adequate bone perfusion is essential for healing, but current intraoperative assessments are subjective. This study explores the feasibility of using quantitative near-infrared fluorescence (NIRF) imaging with indocyanine green (ICG) to assess bone perfusion in non-union surgery. This technique allows real-time visualization of tissue perfusion through tracing intravascular injected ICG.<h4>Methods</h4>This prospective, multicenter feasibility study was conducted in 2 Dutch academic hospitals. Intraoperative ICG NIRF imaging was performed in non-union patients after debridement and before osteosynthesis. Time-intensity curves were derived from intraoperative data, and 3 time-related perfusion parameters were extracted to quantify the perfusion in various osseous structures. Demographic data included patient's age, sex, race, and body mass index.<h4>Results</h4>ICG NIRF measurement was successfully performed in 20 patients (median age 50.5 years, 65% female, and 90% White) at 7 fracture locations. Three distinct perfusion patterns were observed. (1) rapid ingress and egress, (2) rapid ingress with a plateau phase, and (3) prolonged ingress with no egress within the measurement. The median Tmax was 214 s (inter-quartile range [IQR]): 69-246 s. The normalized maximum ingress slope was 4.4%/s (IQR: 2.4-6.5), and the median Egress-60 was 84.7% (IQR: 77.4-94.8).<h4>Conclusion</h4>ICG NIRF imaging is a feasible and reproducible method for intraoperative bone perfusion assessment in fracture non-union, potentially offering an objective measure of bone vitality. Perfusion parameters and time-intensity curves were successfully quantified across various bone structures, revealing patterns similar to those linked with clinical outcomes in other studies. Future research should evaluate how these perfusion patterns relate to bone healing.<h4>Level of evidence</h4>Level II. See Instructions for Authors for a complete description of levels of evidence.",Koning S; Boldewijn DF; Dalmeijer SWR; Zweedijk BE; Kruiswijk MW; Peul RC; van der Aa LE; Planting I; Tange FP; Hoven van den P; Hilling DE; Keereweer S; Vahrmeijer AL; Verhofstad MHJ; Hamming JF; Schipper IB; Wijffels MME; van der Vorst JR,"Department of Surgery, Leiden University Medical Center, Leiden, the Netherlands.",JB & JS open access,2026-04-07,10.2106/jbjs.oa.25.00177,3.0,visualization(abstract); visual(abstract); data(abstract),
41955658,[Retro mode imaging and early-stage AMD].,"Age-related macular degeneration (AMD) is a chronic disease whose progression toward advanced stages is closely related to the phenotype observed at the early and intermediate stages. The detection and characterization of drusen and pigmentary abnormalities are central to the stratification of progression risk. Retro mode imaging, based on indirect infrared retro-illumination, enhances the visualization of retinal surface elevation, depth-related features, and variations in pigment density. This review examines the contribution of the various retro mode configurations (deviated left [DL]; deviated right [DR]; and ring aperture [RA]) in AMD, based on recent data in the literature as well as our clinical experience. When integrated into a multimodal imaging strategy, the combined use of DL and DR modes improves the detection and morphological assessment of drusen, while the ring aperture mode facilitates the identification of subtle pigment migration at the onset of the disease. A more precise characterization of these lesions allows refinement of AMD staging and provides clinically meaningful prognostic information.",Desmettre T; Paques M,"Centre de rétine médicale, 187, rue de Menin, 59520 Marquette-Lez-lille, France; Department of Ophthalmology, University of Kansas School of Medicine, Prairie Village, KS 66208, États-Unis. Electronic address: thomas@desmettre.org.",Journal francais d'ophtalmologie,2026-04-08,10.1016/j.jfo.2026.104859,3.0,visualization(abstract); visual(abstract); data(abstract),Multimodal imaging; Age-related macular degeneration; Retinal Imaging; Drusen; Imagerie Multimodale; Dégénérescence Maculaire Liée À L’âge; Pigment Migration; Imagerie Rétinienne; Retro Mode; Retro Mode Imaging; Migrations Pigmentaires
41940980,Deep learning reconstruction for 40-keV virtual monoenergetic CT of colon cancer: evaluation of image quality and edge sharpness.,"<h4>Background</h4>Virtual monoenergetic imaging (VMI) at 40 keV improves iodine attenuation in colon cancer CT but is constrained by severe image noise. Deep learning image reconstruction (DLIR) may address this limitation, but its effect on anatomical edge preservation across multiple targets requires investigation.<h4>Purpose</h4>To evaluate the impact of DLIR on objective and subjective image quality of 40-keV VMIs in colon adenocarcinoma, with emphasis on the trade-off between noise reduction and edge definition.<h4>Methods</h4>In this completed retrospective study (patient enrollment window: May 2024 to February 2025), 60 patients (mean age, 62.8 years ± 15.1; 34 men) with confirmed colon adenocarcinoma underwent dual-energy CT using a low-iodine protocol (1.0 mL/kg). Portal venous phase data were reconstructed at 40 keV using adaptive statistical iterative reconstruction-V (ASIR-V) 50%, medium-strength DLIR (DLIR-M), and high-strength DLIR (DLIR-H). Objective metrics, including contrast-to-noise ratio (CNR), edge rise distance (ERD), and edge rise slope (ERS), were measured. Two radiologists independently scored five qualitative categories, including regional lymph node visualization, using a 5-point Likert scale.<h4>Results</h4>DLIR-H yielded the lowest image noise and highest CNR across all anatomical targets compared with DLIR-M and ASIR-V 50% (all P < 0.001). For colon tumors, the CNR of DLIR-H (5.4 ± 2.2) was 80% higher than that of ASIR-V 50% (3.0 ± 1.1, P < 0.001). Although ASIR-V 50% maintained a higher ERS than DLIR-H (median, 108.3 vs. 101.5 HU/mm; P < 0.001), the ERD remained highly stable across all algorithms (median, 2.5 mm; pairwise P > 0.05). Subjectively, DLIR-H received the highest scores for overall image quality and regional lymph node visualization (median, 5.0 and 4.5, respectively, vs. 3.0 for both in ASIR-V 50%; all P < 0.001).<h4>Conclusion</h4>In 40-keV virtual monoenergetic CT of colon cancer, DLIR-H significantly improves objective and subjective image quality for tumors, vessels, and lymph nodes. While a minor objective edge-smoothing effect exists, DLIR-H provides an optimal balance between robust noise suppression and anatomical clarity. Although these findings suggest the potential to facilitate low-iodine spectral protocols, future diagnostic accuracy trials are required to confirm their true clinical impact.",Bao Y; Long J; Wang Z; Liu X; Wu C; Zhang H; Zhou M; Meng C; Liu Z; Sun A; Xu K; Meng Y,"The Affiliated Hospital of Xuzhou Medical University, Xuzhou, China.",Abdominal radiology (New York),2026-04-06,10.1007/s00261-026-05494-1,3.0,visualization(abstract); visual(abstract); data(abstract),"Image reconstruction; colon neoplasms; Image Quality; Contrast-to-noise Ratio; Deep Learning; Virtual Monoenergetic Imaging; Computed Tomography, Dual-energy"
41963757,Development of a Synthetic Liver Phantom: Experimental Characterization of Tissue Mechanical Properties.,"<h4>Purpose</h4>Hepatocellular carcinoma (HCC) is the most common primary liver cancer and the third leading cause of cancer-related mortality worldwide. Despite advances in detection and treatment, prognosis remains poor, with incidence projected to surpass one million cases annually by 2025. Current loco-regional therapies, such as surgical resection, radiofrequency ablation, and transarterial chemoembolization, are often limited by anatomical or clinical constraints, leaving many patients without viable options. This study aims to develop and experimentally characterize a synthetic liver phantom with tunable mechanical and permeability properties for preclinical testing and protocol optimization of injectable loco-regional therapies, including emerging alternatives such as YntraDose.<h4>Methods</h4>Porcine liver tissue was experimentally characterized to establish benchmark values for compression modulus and permeability. Based on these data, a 3D-printed phantom was designed using controlled microstructures to independently tune stiffness and permeability of parenchyma and tumor-mimicking regions. Compression testing, Darcy-based permeability experiments, and T2-weighted MRI were used for validation.<h4>Results</h4>The literature review revealed significant gaps in experimental permeability data, emphasizing the need for physical liver models to validate novel therapies. Preliminary design parameters were established for fabricating biomimetic liver phantoms with realistic mechanical and flow characteristics. Porcine liver permeability was measured in the order of 10⁻<sup>12</sup> m<sup>2</sup>, while the selected parenchyma-mimicking material exhibited a compression modulus of approximately 22 kPa. Tumor-mimicking inclusions reached compression moduli of approximately 185 kPa. Injection experiments demonstrated reproducible diffusion patterns, confirmed by mass balance and MRI visualization.<h4>Conclusion</h4>The proposed phantom provides a controlled experimental platform for investigating the mechanical and transport behavior of injectable agents in liver-mimicking tissue. While not intended for clinical or regulatory equivalence, this research-grade model bridges the gap between simplified in vitro systems and in vivo studies, supporting preclinical research and device development.",Potere F; Callera A; Confortola E; Mansour NK; Micalizzi S; De Danieli G; Janssen P; Crippa A; Oliva P; De Gaetano F,"IRCCS Humanitas Research Hospital, Rozzano, 20089, Milan, Lombardy, Italy.",Annals of biomedical engineering,2026-04-10,10.1007/s10439-026-04118-5,3.0,visualization(abstract); visual(abstract); data(abstract),Magnetic Resonance Imaging; Mechanical Characterization; 3D Printing; Liver Model; Organ Phantom
41949457,Clinic-aligned Dual Distillation of Video and Image Foundation Models for Automated Breast Cancer US Diagnosis.,"Purpose To evaluate the clinical applicability of the US Dual-Distillation model (USDist) through comparative analysis with state-of-the-art models, ablation analysis of dual-distillation components, and assessment on portable US devices. Materials and Methods This retrospective multicenter study evaluated USDist using US video datasets collected from 16 medical centers (August 2016-December 2024) and two independent public datasets. The model integrates spatiotemporal dual-distillation and dynamic-static feature fusion to transfer feature representations from video and image foundation models. Diagnostic performance was assessed using receiver operating characteristic (ROC) analysis with DeLong testing and Holm correction, along with evaluation of computational efficiency and qualitative feature visualization. Results A total of 5033 patients were analyzed (mean age, 49 years ± 12 [SD]; 5031 female). USDist achieved an average area under the ROC curve (AUC) of 0.95 (95% CI: 0.93-0.97) for breast cancer diagnosis across datasets. In the main cohort, USDist outperformed foundation models while using 98.3% fewer parameters. Across multicenter datasets, diagnostic performance was comparable to foundation models (all <i>P</i> < .05). On a portable US device, USDist maintained an AUC of 0.92 (95% CI: 0.86-0.95) with 4.1% of the computational cost of fullparameter fine-tuning. Conclusion USDist demonstrated high diagnostic performance for automated breast cancer diagnosis, with substantial parameter reduction compared with foundation models and maintained performance across multicenter and portable US settings. ©RSNA, 2026.",Zhao C; Dong Y; Xie X; Wu G; Yin F; Zeng W; Song P; Wu Y; Fu L; Nie B; Ding H; Zhou J; Yu J,"College of Biomedical Engineering, Jiangwan Campus, Fudan University, 2005 Songhu Road, Yangpu District, Shanghai 200040, China.",Radiology. Artificial intelligence,2026-04-08,10.1148/ryai.250600,3.0,visualization(abstract); visual(abstract); data(abstract),
41937656,Individualized management of primary hyperparathyroidism.,"Primary hyperparathyroidism (PHPT) is a common endocrine disease that typically presents in peri- and postmenopausal women. PHPT is due to a single parathyroid adenoma in most cases, which leads to stable hypercalcemia over years. Nowadays, the diagnosis is often coincidental, reached by chance in subjects without specific symptoms-asymptomatic PHPT. However, the patients might have subtle disease-related manifestations. Management standards have been reviewed through international workshops over more than three decades, leading to absolute and relative indications for parathyroidectomy (PTX), the only curative treatment. The alternative to PTX is observation without intervention in asymptomatic patients without organ manifestations and only mildly elevated calcium levels (mild PHPT). On the basis of recent literature, our aim is to challenge current recommendations for managing PHPT with focus on mild asymptomatic disease, integrating informed patient preferences. Considering the changing patient demography with increasing life expectancy, more sensitive visualization procedures, improved surgical techniques, and new data on PHPT-related morbidity, we test some of the established indications for PTX, particularly age as an isolated criterion, and the validity of a circulating calcium ""threshold"" for considering PTX. Additionally, bone mineral density (BMD) decreases for at least a decade with observation in contrast to PTX, where BMD normalizes after surgery and remains stable in the axial compartments for years. Therefore, skeletal-related thresholds for PTX also deserve review. In conclusion, we suggest integrating more clinical outcomes and wider perspectives in decision-making for the management of mild PHPT, taking patient preferences into consideration, and focusing on informed and shared decision-making.",Bollerslev J; Cetani F; Gittoes N; Rolighed L,"Faculty of Medicine, University of Oslo, Oslo, Norway.",Journal of internal medicine,2026-04-06,10.1111/joim.70089,3.0,visualization(abstract); visual(abstract); data(abstract),Calcium; Parathyroid hormone; Vitamin D; Bone turnover; Activated Vitamin D; Parathyroid Receptor
41941145,Knowledge Mapping of Exosomes in Glioblastoma: A Bibliometric Analysis From 2006 to 2025.,"<h4>Background</h4>Glioblastoma (GBM) is the most aggressive primary malignant brain tumor, marked by profound heterogeneity, diffuse invasion, and rapid recurrence, resulting in poor survival despite standard therapy. Growing evidence indicates that exosomes mediate key processes in GBM, including tumor microenvironment remodeling, angiogenesis, invasion, immune modulation, and therapeutic resistance, and show translational promise as biofluid-based biomarkers and as engineered delivery vehicles to address blood-brain barrier limitations. Although research on exosomes in GBM has expanded rapidly, the field's global knowledge structure and evolving hotspots and frontiers remain unclear. Therefore, this study performs a bibliometric analysis from 2006 to 2025 to map publication trends, collaboration networks, influential journals and references, and emerging themes in GBM exosome research.<h4>Methods</h4>Publications related to exosomes in GBM from 2006 to 2025 were retrieved from the Web of Science Core Collection (WoSCC) database. VOSviewer, CiteSpace, and the R package ""bibliometrix"" were used to perform the bibliometric analysis and visualization, including assessments of publication trends, collaboration networks, co-citation patterns, and keyword co-occurrence.<h4>Results</h4>The authors included 789 publications from 64 countries/regions, led by China (273) and the United States (223). Output increased markedly after 2019, peaking in 2024 (117). Massachusetts General Hospital and Harvard-affiliated institutions were leading contributors; the International Journal of Molecular Sciences published the most papers, and Neuro Oncology was the most co-cited journal. The field centers on endogenous exosome mechanisms in GBM and translational applications for liquid biopsy and blood-brain barrier targeted delivery, with emerging hotspots in the tumor microenvironment, immunotherapy, and drug delivery.<h4>Conclusions</h4>Exosome research in GBM has expanded rapidly, with growing global participation and clear shifts toward translationally oriented themes. Current hotspots concentrate on tumor microenvironment regulation, immunotherapy-related mechanisms, and exosome-based liquid biopsy and brain-targeted delivery strategies. This knowledge mapping clarifies the field's intellectual structure and emerging frontiers, and may help guide future mechanistic studies and clinical translation of exosome-focused approaches in neuro-oncology.",Li J; Wu D; Chen Z; Miao C; Wang J; Luo Q,"Department of Neurosurgery, Haikou Affiliated Hospital of Central South University Xiangya School of Medicine.",The Journal of craniofacial surgery,2026-04-06,10.1097/scs.0000000000012707,3.0,visualization(abstract); visual(abstract); data(abstract),Glioblastoma; Exosomes; Bibliometric Analysis
41961986,Kinetics of Technetium-Labeled Cardiac Amyloid Radionuclide Imaging.,"<h4>Background</h4>Technetium-labeled bone-avid tracers have been repurposed to diagnose transthyretin cardiac amyloidosis without rigorous kinetic studies. Supply shortages have necessitated the use of hydroxymethylene diphosphonate (HMDP) as an alternative to technetium-99m pyrophosphate, though comparative data remain limited. This study characterizes tracer kinetics using quantitative single-photon emission computed tomography with computed tomography.<h4>Methods</h4>Twenty-four subjects undergoing evaluation for transthyretin cardiac amyloidosis underwent serial single-photon emission computed tomography with computed tomography imaging with pyrophosphate (n=11) or HMDP (n=13) on a cadmium zinc telluride system (SpectrumDynamics Veriton). Single-photon emission computed tomography acquisitions were obtained at intervals from 5 minutes to 3 hours post-injection. Quantitative parameters included standardized uptake values (SUVs), target-to-background ratios, and total cardiac activity derived from 3-dimensional volumes of interest for myocardium, blood pool, and bone. Mixed-effects models with splines compared time-activity trends between tracers.<h4>Results</h4>All 16 subjects with positive imaging demonstrated visual myocardial uptake above the blood pool within 10 minutes post-injection. Myocardial SUVs were similar between tracers and decreased linearly over time, whereas blood pool SUVs declined biexponentially and bone SUVs increased exponentially. HMDP exhibited faster blood pool clearance and higher bone uptake than pyrophosphate, resulting in higher heart-to-blood pool target-to-background ratios across all time points. Bone activity exceeded myocardial activity earlier with HMDP (mean ≈90 versus 130 minutes; <i>P</i><0.001), resulting in a visual reduction of myocardial intensity with HMDP due to scaling. No association was observed between quantitative indices and clinical disease severity markers.<h4>Conclusions</h4>Both pyrophosphate and HMDP provide diagnostic myocardial visualization within 10 minutes of injection, with similar myocardial SUVs that decline linearly over time. HMDP demonstrates more rapid blood pool clearance and greater bone uptake, resulting in earlier skeletal dominance and often requiring upward adjustment of image intensity to visualize myocardial uptake on delayed images. The results provide kinetic data that can inform future protocol optimization and quantitative standardization.",Sperry BW; O'Keefe E; Burgett EV; Hutt E; Jones PG; Case JA; Bateman TM,"Saint Luke's Mid America Heart Institute (B.W.S., E.O.K., E.V.B., E.H., P.G.J., T.M.B.), Kansas City, MO.",Circulation. Cardiovascular imaging,2026-04-10,10.1161/circimaging.125.019371,3.0,visualization(abstract); visual(abstract); data(abstract),Kinetics; Amyloidosis; Tomography; Technetium; Patient Acuity
41944512,Extending Near-Infrared Bioimaging Window Beyond 1500 nm.,"Luminescent bioimaging has recently emerged as a crucial and indispensable tool for in vivo visualization and detection. Notably, due to significantly reduced photon scattering and minimal autofluorescence characteristic of the photon wavelength beyond 1500 nm, in vivo luminescent bioimaging offers enhanced capabilities, enabling the visualization of fine anatomical structures with superior tissue penetration depth and high spatial-resolution. In this regard, this review highlighted the recent significant progress of extending the high-resolution bioimaging window beyond 1500 nm and the corresponding novel luminescent materials. First, we systematically summarized the theoretical simulations that investigated potential superior bioimaging windows, including the 1500-1900 nm and 2100-2500 nm regions. Within such an extended region beyond 1500 nm, we then comprehensively concluded strategies for design of novel luminescent materials engineered for emission wavelength beyond 1500 nm, which included organic dyes with specific and large conjugated structures, quantum dots with size-tunable emission spectra, lanthanide-based nanocrystals, and complexes emitted from f-f transitions. Subsequently, pioneering opportunities that exhibited superior in vivo bioimaging performance for biomedical applications were analyzed across volumetric bioimaging and wide-field multiplexed bioimaging. Despite these promising achievements, opportunities for next-generation bioimaging windows and challenges in clinical translation were objectively discussed at last.",Chen ZH; Wu J; Yan K; Mei M; Zhang H; Zhang F,"Department of Chemistry, College of Smart Materials and Future Energy, New Cornerstone Science Laboratory, State Key Laboratory of Molecular Engineering of Polymers, Shanghai Key Laboratory of Molecular Catalysis and Innovative Materials and Ichem, Fudan University, Shanghai, P. R. China.",Angewandte Chemie (International ed. in English),2026-04-07,10.1002/anie.202526151,2.5,visualization(abstract); visual(abstract),Imaging Technology; Luminescent Materials; Bioimaging Applications; Extended Nir Region; Superior Bioimaging Window
41946639,"Prospective operational feasibility, safety, and workflow of magnetic resonance-guided tracking technology for interstitial gynecologic brachytherapy.","<h4>Purpose</h4>To evaluate the feasibility, safety, and workflow of the development and prospective implementation of magnetic resonance-guided position-location tracking technology (MR-tracking [MRT]) for interstitial gynecologic brachytherapy.<h4>Methods and materials</h4>Between 2018 and 2023, patients undergoing template-based (Syed/Neblett) interstitial brachytherapy were included in the analysis. The 2 cohorts for analysis were (1) prospectively enrolled patients who received MRT for real-time visualization, and (2) standard procedure implants performed without MRT technology. The 2 cohorts were compared for overall procedural time with an ad hoc inferiority analysis, and implant quality was assessed by the resultant clinically delivered dosimetry with a Student's t test.<h4>Results</h4>Eighteen (18) patients who consented to treatment with MRT visualization were compared to a cohort of 62 patients undergoing standard interstitial brachytherapy. The MRT system was successfully used without interruption from device-related events in all 18 patients. The mean (standard deviation) procedure time was 96 (±27) min and 100 (±26) min for the MRT and standard implants, supporting the noninferiority conclusion of the MRT implants (p = 0.03). For the patient subgroup including primary vaginal or recurrent endometrial without a uterus, we reported significantly improved clinical target volume (CTV) coverage (p = 0.02) for the MRT cohort, (CTV D90 = 75.2 Gy) compared to the standard procedure cohort (CTV D90 = 66.4 Gy), suggesting the physician was able to better target the tumor volume during needle insertion. Differences in organ-at-risk doses were not statistically significant.<h4>Conclusions</h4>The prospective study establishes the feasibility of MRT integration with the successful demonstration of device reliability in a complex clinical setting. The integration of MRT as an investigational technology did not negatively impact overall procedure time and may have had a positive effect on resultant dosimetry for a subgroup of patients. Future clinical investigations should include prospective use of the technology in a matched-cohort trial.",Roumeliotis M; Antaki M; Kim G; Gardner UG; Sheikh K; Lee J; Seethamraju R; Tokuda J; Hu C; Schmidt E; Viswanathan AN,"Department of Radiation Oncology and Molecular Radiation Sciences, The Johns Hopkins University School of Medicine, Baltimore, MD. Electronic address: mroumel1@jhu.edu.",Brachytherapy,2026-04-06,10.1016/j.brachy.2026.03.005,2.5,visualization(abstract); visual(abstract),Safety; MRI; Feasibility; Interstitial; Brachytherapy; Trial; Tracking; Prospective; Gynecologic; Image-guided
41963749,"In Vivo Tracking Modalities for Oncolytic Reovirus: Principles, Clinical Applications, and Translational Integration.","<h4>Objectives</h4>Oncolytic reovirus, particularly Pelareorep, is a promising cancer therapeutic due to selective replication in Ras-activated tumor cells and immunomodulatory effects. This review aims to critically evaluate current and emerging in vivo tracking strategies, emphasizing translational relevance and clinical implementation.<h4>Evidence acquisition</h4>We systematically analyzed preclinical and clinical studies employing optical imaging, nuclear imaging, magnetic resonance imaging, ultrasound/photoacoustic techniques, molecular reporters, and nanoparticle-based platforms. Special focus was placed on integrating functional imaging and molecular assays in Pelareorep trials to monitor viral distribution and therapeutic response.<h4>Results</h4>Optical imaging offers high sensitivity for preclinical investigations; however, it is limited by shallow tissue penetration. Nuclear imaging provides quantitative, whole-body monitoring that is suitable for clinical translation, whereas MRI and ultrasound/photoacoustic modalities enable real-time visualization of both structural and functional aspects. Nanotechnology-based platforms facilitate multimodal imaging and targeted delivery, while molecular tools such as reporter genes, CRISPR-driven circuits, and viral barcoding further enhance spatiotemporal resolution. Clinical trials with Pelareorep demonstrate the feasibility of integrating imaging with molecular assays to evaluate safety, delivery efficiency, and antitumor activity. Persisting challenges include limited genome capacity, immune-mediated clearance, and suboptimal signal penetration.<h4>Conclusion</h4>Emerging strategies, including synthetic biology reporters, AI-driven image analysis, biosensors, and liquid biopsies, provide scalable, patient-specific tracking solutions. This integrative framework bridges preclinical insights with clinical translation, supporting optimized design, monitoring, and personalization of oncolytic reovirus therapy.",Rastegarpanah M; Kafi ZZ; Negahdari B,"Department of Medical Biotechnology, School of Advanced Technologies in Medicine, Tehran University of Medical Sciences (TUMS), No. 88, Italy St, Tehran, Iran. rastegarpanah-m@alumnus.tums.ac.ir.",Molecular imaging and biology,2026-04-10,10.1007/s11307-026-02092-x,2.5,visualization(abstract); visual(abstract),Molecular Imaging; In-vivo Imaging; Pelareorep; Nanoparticle-based Theranostics; Virotherapy Monitoring; Oncolytic Reovirus
41956563,A Novel CD147-Targeting Nanobody for Immuno-PET Imaging of Liver Cancer.,"Hepatocellular carcinoma (HCC) remains a leading cause of cancer-related mortality, with a 5-y survival rate of approximately 20%. Many patients undergo locoregional therapy, and distinguishing viable tumor from treated necrotic tissue presents a significant clinical challenge with conventional imaging. CD147, a transmembrane glycoprotein overexpressed in approximately 60% of HCC tumors with minimal expression in normal liver, represents a promising target for tumor-selective molecular imaging to address this unmet clinical need. We aimed to develop and characterize a CD147-targeted nanobody-based PET imaging agent compatible with same-day clinical imaging workflows. <b>Methods:</b> We constructed a phage-display library from a llama immunized with recombinant human CD147. CD147-selective nanobodies were isolated through iterative immunopanning and characterized by enzyme-linked immunosorbent assay, biolayer interferometry, and flow cytometry using isogenic CD147-positive and CD147-knockout liver cancer cell lines. The lead candidate, denoted as DMN1, was radiolabeled with <sup>18</sup>F via [<sup>18</sup>F]FPy pyridine-based prosthetic group conjugation. The radiolabeled nanobody was evaluated in cellular assays and further characterized in vivo using PET/CT imaging and biodistribution studies in subcutaneous and orthotopic murine HCC models. <b>Results:</b> DMN1 demonstrated low binding affinity to human CD147 (<i>K</i> <sub>D</sub> = 0.71 ± 0.1 nM, enzyme-linked immunosorbent assay), with specificity confirmed in CD147-positive versus CD147-negative xenografts. [<sup>18</sup>F]FPy-DMN1 was synthesized with high radiochemical purity (>98%), a molar activity of 3,700-11,100 GBq/μmol, and good serum stability (87% intact in mouse serum at 3 h). In vivo, [<sup>18</sup>F]FPy-DMN1 showed robust tumor accumulation in CD147-positive (3.82 ± 0.93 %IA/g) versus CD147-negative tumor xenografts (0.21 ± 0.02 %IA/g), with excellent tumor-to-background ratios at 2 h postinjection (tumor-to-blood ratio, 18.7 ± 3.9; tumor-to-muscle ratio, 52.6 ± 22.1). In orthotopic liver tumors, [<sup>18</sup>F]FPy-DMN1 enabled clear tumor visualization with striking contrast at 3 h postinjection, whereas the control nanobody showed no tumor localization. <b>Conclusion:</b> [<sup>18</sup>F]FPy-DMN1 is a novel CD147-specific nanobody-based PET imaging agent that demonstrates high target specificity and favorable pharmacokinetics for same-day imaging. Its rapid blood clearance, high tumor-to-background ratios, and successful visualization of orthotopic liver tumors support further development of this agent for imaging and monitoring treatment response in patients with liver cancer.",Nambiar DM; Esparza TJ; Lee W; Chung JY; Olkowski CP; Ghaemi B; Basuli F; Shi J; Baidoo KE; Sheehan-Klenk J; Makala H; Zhang HH; Farber JM; Choyke PL; Escorcia FE; Jacobson O,"Molecular Imaging Branch, Center for Cancer Research, National Cancer Institute, National Institutes of Health, Bethesda, Maryland.","Journal of nuclear medicine : official publication, Society of Nuclear Medicine",2026-04-09,10.2967/jnumed.125.271565,2.5,visualization(abstract); visual(abstract),Liver cancer; HCC; CD147; PET imaging; Nanobody; [18F]fpy-dmn1
41956361,Enhanced tumor immunohistochemical detection using a protein A-fused Pyrococcus furiosus ferritin carrier with drastically reduced antibody amount.,"Immunohistochemistry (IHC) is a cornerstone technique in tumor pathology. However, the detection of low-abundance antigens often requires high antibody input, increasing cost and limiting analytical efficiency. Here, we developed a novel ferritin-based nanocarrier system by genetically fusing Protein A to Pyrococcus furiosus ferritin (PA-PfFn), generating a multivalent scaffold for Fc-directed recruitment of HRP-conjugated secondary antibodies. The PA-PfFn-HRP polymer effectively amplifies detection signals through avid binding and enzymatic cascade reactions, enabling robust visualization of weakly expressed tumor markers. In a mouse glioma (U87) model, this strategy achieved higher detection sensitivity than conventional IHC and preserved robust staining performance even when primary antibody concentrations were reduced by up to 128-fold. By markedly lowering antibody consumption while maintaining staining intensity and specificity, this modular and tunable platform offers a practical, cost-effective approach for sensitive tumor biomarker detection and potential quantitative pathological analysis in both clinical and translational research settings.",Fang F; Xu X; Cao C; Pan Y,"Biogeomagnetism Laboratory, Key Laboratory of Planetary Sciences and Frontier Technology, Institute of Geology and Geophysics, Chinese Academy of Sciences, Beijing, 100029, China; College of Earth and Planetary Sciences, University of Chinese Academy of Sciences, Beijing, 100049, China.","Nanomedicine : nanotechnology, biology, and medicine",2026-04-07,10.1016/j.nano.2026.102941,2.5,visualization(abstract); visual(abstract),Protein A; Immunohistochemistry (IHC); Ferritin Nanocarrier; Antibody Usage
41956713,Imaging of selective nerves in the lower extremity using wideband linear array ultrasound.,"Peripheral nerve blockade of the lower extremity focuses on two major nerves: the sciatic and femoral. Both nerves lie near large vascular structures and can require significant volumes of injectate to produce a reliable analgesic blockade. Moreover, blockade of these nerves leads to corresponding muscle weakness that can be unnecessary or even undesirable for recovery following surgery.New-generation, high-resolution ultrasound (US) probes facilitate the visualization of selective nerves in the lower extremity. Therefore, blockade of these nerves can be performed at multiple locations that can be individualized for specific patients undergoing forefoot and midfoot surgeries. This article describes an educational approach for selective lower extremity blocks of the saphenous, tibial, sural, superficial peroneal, and deep peroneal nerves with corresponding clinical applications for common forefoot and midfoot surgeries. These techniques are presented in a stepwise approach with surface and corresponding US anatomy. Cadaveric dissections are also included with some of the described techniques to emphasize the anatomical relationships. Each of these techniques, in this educational review, begins with easily identifiable surface landmarks and follows a stepwise approach.Understanding of these lower extremity selective nerve blocks allows for targeted low-volume blockade of specific sensory distributions, individualized to each patient.",Moody AE; Whittle J; Mendoza E; Swenson JD,"Anesthesiology, University of Utah Medical Center, Salt Lake City, Utah, USA alastair.moody@hsc.utah.edu.",Regional anesthesia and pain medicine,2026-04-09,10.1136/rapm-2026-107592,2.5,visualization(abstract); visual(abstract),Nerve block; Acute pain; Lower Extremity; Orthopedic Procedures; Regional Anesthesia
41936696,Transrectal ultrasonography provides enhanced detection of distal ureteral stones compared to conventional imaging modalities.,"<h4>Purpose</h4>Non-contrast computed tomography (CT) is widely regarded as the gold standard for diagnosing ureteral stones; however, CT is not always immediately accessible in all clinical settings. Transrectal ultrasonography (TRUS) enables direct visualization of the distal ureter and may enhance diagnostic confidence during the initial evaluation of suspected distal ureteral stones. This study evaluated the clinical diagnostic performance of TRUS compared with conventional imaging modalities.<h4>Methods</h4>This retrospective study included 215 consecutive patients with suspected distal ureteral stones who underwent kidney-ureter-bladder radiography (KUB), intravenous urography (IVU), abdominal ultrasonography (US), and TRUS on the same day. Stone diagnosis was confirmed by spontaneous passage during follow-up (stone-positive group, n = 186), while 29 patients were classified as stone-negative. Sensitivity, specificity, positive predictive value (PPV), and negative predictive value (NPV) were calculated for each modality. Comparisons were performed using McNemar's test.<h4>Results</h4>Among stone-positive patients, KUB detected stones in 138 (74.2%), IVU in 148 (79.6%), abdominal US in 129 (69.4%), and TRUS in 184 (98.9%). False-positive findings occurred in six cases with KUB and nine with IVU, whereas none were observed with abdominal US or TRUS. TRUS demonstrated the highest sensitivity (98.9%) and specificity (100%), with a markedly superior NPV (93.5%). TRUS detected distal ureteral stones significantly more frequently than KUB and IVU (both p < 0.001).<h4>Conclusion</h4>TRUS is an effective imaging modality for detecting distal ureteral stones during initial evaluation and may serve as a valuable adjunct, particularly in clinical settings where immediate access to CT is limited.",Nariyoshi S; Nishimura H; Tsuji Y,"Tenjin Tsuji Clinic, Fukuoka, Japan.",International urology and nephrology,2026-04-06,10.1007/s11255-026-05131-2,2.5,visualization(abstract); visual(abstract),Intravenous urography; Transrectal Ultrasonography; Plain Radiography; Diagnostic Performance; Abdominal Ultrasonography; Distal Ureteral Stones
41894830,Display-based augmented reality navigation for CT-Guided thoracoabdominal punctures: phantom study of accuracy and workflow efficiency.,"Accurate needle placement is critical in percutaneous thoracoabdominal interventions. Conventional CT-guided procedures are limited by iterative scans, operator-dependent variability, and two-dimensional visualization. This preclinical study evaluates a novel display-based augmented reality (AR) navigation system integrating virtual-to-real registration via deltille grid position sensing (DGPS) markers for enhanced needle guidance. Experiments were conducted on a CIRS abdominal phantom with three operators: one expert interventional radiologist and two novices. Puncture accuracy, angular deviation, procedure time, and number of verification scans were assessed. AR guidance achieved first-pass distance errors of 1.50 (0.46) mm for the expert and 1.66 (0.50) mm and 1.58 (1.06) mm for novices, with angular deviations of 1.41°, 1.30°, and 1.39°, respectively. No significant operator-related differences were observed. Compared with conventional step-and-shoot CT guidance, AR guidance reduced the first-pass and final-pass targeting error, while conventional CT guidance relies on iterative scan-adjust-advance steps to achieve acceptable final accuracy, with AR reducing intermediate re-scans while retaining a single final verification scan. The findings indicate that AR navigation enhances first-pass precision, reduces procedural variability, and improves workflow efficiency, supporting its potential clinical value for more consistent and efficient minimally invasive interventions.",Chen J; Liu T; Wang X; Jiang X; Bai P; He B; Fang Z,"Department of Radiation Oncology, Clinical Oncology School of Fujian Medical University, Fujian Cancer Hospital, Fuzhou, People's Republic of China.",Biomedical physics & engineering express,2026-04-09,10.1088/2057-1976/ae5827,2.5,visualization(abstract); visual(abstract),Augmented Reality; Needle Guidance; Ct-guided Intervention; Dgps Markers; Thoracoabdominal Procedures
41958239,Real-Time Detection of Burn Wound Infection via a Turn-On NIR-II Fluorescent Probe.,"Skin infections represent a major clinical challenge and are frequently associated with persistent bacterial colonization and delayed wound healing. The progression of these skin infections, particularly in burn wounds, is directly mirrored by an elevation in local pH, which serves as a critical physicochemical marker of bacterial metabolic activity. However, studies using pH as a biomarker for real-time, in situ monitoring of infection status remain relatively limited. Current pH-responsive probes are often restricted by shallow tissue penetration and significant background interference, which reduce sensitivity and imaging contrast in complex biological environments. Herein, using a difluoroboron (BF<sub>2</sub>) formazanate scaffold, we designed a series of NIR-II probes that are selectively activated by elevated pH associated with bacterial infection. Within these probes, AlkaP-BF<sub>2</sub> exhibits strong NIR-II emission (> 1000 nm) and displays a ""turn-on"" fluorescence over the pH range of 7.26-9.23. The utility of AlkaP-BF<sub>2</sub> was demonstrated by monitoring intracellular pH changes in bacterial cells and visualizing infection-associated pH elevations within burn wounds using NIR-II fluorescence imaging. Collectively, these findings establish AlkaP-BF<sub>2</sub> as a powerful noninvasive tool that enables the precise, real-time visualization of infection-associated microenvironmental changes in skin tissues.",Lu K; Yang S; Wang M; Zhang M; Zhou B; Yang K; Kirienko NV; Xiao H,"Department of Chemistry, Rice University, Houston, Texas, USA.","Chemistry (Weinheim an der Bergstrasse, Germany)",2026-04-10,10.1002/chem.70982,2.5,visualization(abstract); visual(abstract),Burn wound; Bacterial Infection; Ph Imaging; Nir‐ii Bioimaging; Difluoroboron (Bf2) Formazanate
41944206,Multiscale anisotropic scaffolds enable a biomimetic electro-mechanical myocardial platform for drug discovery and heart repair.,"The core challenge in engineering functional cardiac tissue <i>in vitro</i> is the lack of an integrated platform that simultaneously provides multiscale anisotropic topography and conductive signaling, leading to poor cellular alignment, weak electromechanical coupling, and asynchronous contraction. Herein, we developed a multiscale anisotropic conductive fiber scaffold featuring integrated nano- and micro-scale characteristics to mimic the hierarchical topological structure and electrochemical microenvironment of native myocardial tissue, thereby providing a biomimetic platform for cardiac tissue engineering. The engineered cardiac microtissues derived from this platform exhibit more ordered sarcomeres, a 5.45-fold increase in Cx43 expression, a 117.6% enhancement in contraction amplitude, and a 96.4% improvement in contraction frequency. Notably, the model demonstrates high sensitivity, responding accurately to drug concentrations as low as 1 nM-an order of magnitude improvement over conventional models. In addition, we developed a label-free CardioFlow analysis tool based on optical flow algorithms, enabling rapid extraction and visualization of the spatiotemporal beating patterns of cardiac microtissues. After implantation into MI rats, the microtissues promote angiogenesis, polarize macrophages toward the M2 phenotype, and inhibit fibrosis and ventricular remodeling, thereby improving cardiac function. This engineered cardiac microtissue platform with multi-level anisotropic architecture provides a universal platform and theoretical foundation for drug cardiotoxicity evaluation and clinical myocardial regeneration.",Zou J; Zhang J; Zhao Q; Luo G; Zhang X; Chen S; Li Y; He Y; Wang L; Qiu X,"Biomaterials Research Center, School of Biomedical Engineering, Southern Medical University, Guangzhou, Guangdong, 510515, China. wangleyu889@163.com.",Biomaterials science,2026-04-07,10.1039/d6bm00103c,2.5,visualization(abstract); visual(abstract),
41942642,Ultrasound Imaging of High-Risk Facial Areas for Injectables: A Practical Guide for Common Scenarios.,"<h4>Background</h4>Dermal filler procedures have become increasingly popular in aesthetic medicine; however, they carry the risk of vascular adverse events (VAEs) that can lead to complications such as tissue necrosis and vision loss.<h4>Objectives</h4>The purpose of this study is to evaluate the clinical utility of high-resolution ultrasound with Doppler analysis (HRUD) in enhancing safety during facial injectable procedures, particularly in high-risk anatomical zones.<h4>Methods</h4>A review of common clinical scenarios was conducted to outline when and how HRUD can assist in identifying vascular structures, anatomical variants, and vascular changes post-surgery. These scenarios include creating full or focal vascular maps and pre-injection assessment in postsurgical patients. The HRUD procedure was conducted at a reference center for aesthetic ultrasonography.<h4>Results</h4>HRUD provides real-time visualization of vascular anatomy and its variations, reducing the risk of complications from filler injections. Its use is particularly recommended in high-risk areas such as the forehead, glabella, nose, and pyriform fossa. For postsurgical patients, HRUD aids in navigating altered anatomy, thereby minimizing the risk of VAEs. Conducting a targeted ultrasound evaluation before filler injection can lead to greater precision and fewer complications.<h4>Conclusions</h4>HRUD is a valuable adjunct to standard aesthetic practices, significantly enhancing patient safety and improving outcomes. Its integration into pre-injection filler protocols is strongly recommended, especially in complex cases or high-risk facial regions.<h4>Level of evidence v</h4>This journal requires that authors assign a level of evidence to each article. For a full description of these Evidence-Based Medicine ratings, please refer to the Table of Contents or the online Instructions to Authors www.springer.com/00266 .",Gonzalez C; Garzon H; Bravo C; Kroumpouzos G,"Highly Specialized Ultrasound Center, Bogotá, Colombia.",Aesthetic plastic surgery,2026-04-06,10.1007/s00266-026-05744-z,2.5,visualization(abstract); visual(abstract),Hyaluronic acid; Ultrasonography; Filler; Vascular Occlusion; High-risk Area; High-resolution Ultrasound; Vascular Adverse Event; Facial Vascular Anatomy
41962753,Megacapillaries on nailfold capillaroscopy are associated with white matter hyperintensities burden: a population study.,"<h4>Background and aims</h4>White matter hyperintensities (WMH) of presumed vascular origin are reliable neuroimaging markers of cerebral small vessel disease (cSVD). However, their underlying systemic correlates remain incompletely understood. Nailfold capillaroscopy (NFC) provides direct visualization of peripheral microvascular health, and megacapillaries represent a reproducible indicator of severe endothelial injury. Whether such peripheral microvascular abnormalities mirror structural brain changes in sporadic cSVD is unknown. We investigated the association between megacapillaries and WMH severity in a population-based cohort.<h4>Methods</h4>Community-dwelling older adults from the Atahualpa Project underwent NFC and brain MRI. Individuals with autoimmune, hereditary, or demyelinating disorders were excluded. Megacapillaries were defined as capillary loops >50 μm in diameter. WMH were graded using the modified Fazekas scale and dichotomized as none-to-mild versus moderate-to-severe, reflecting meaningful burden. Logistic regression models adjusted for demographics and cardiovascular risk factors, assessed the association between megacapillaries and WMH burden.<h4>Results</h4>Among 289 eligible participants (mean age 71.3±7.5 years; 51% women), megacapillaries were identified in 15 (5%) and moderate-to-severe WMH in 96 (33%). Megacapillaries were more frequent in individuals with moderate-to-severe WMH. In adjusted models, megacapillaries were independently associated with moderate-to-severe WMH (OR: 4.49; 95% C.I.: 1.35-14.96), along with older age, lower educational attainment, and hypertension.<h4>Conclusions</h4>Megacapillaries were independently associated with greater WMH burden, which may help characterize systemic microangiopathic phenotypes relevant to cSVD. Longitudinal studies are needed to determine whether peripheral microvascular abnormalities track with WMH progression.",Brutto OHD; Mera RM; Rumbea DA; Guzmán EJ; Ríos C; Arias EE; Brutto VJD,"Research Center, Universidad Espíritu Santo - Ecuador, Samborondón, Ecuador. Electronic address: oscardelbrutto@hotmail.com.",Journal of stroke and cerebrovascular diseases : the official journal of National Stroke Association,2026-04-08,10.1016/j.jstrokecerebrovasdis.2026.108633,2.5,visualization(abstract); visual(abstract),Cerebral Small Vessel Disease; Population Study; Nailfold Capillaroscopy; Microvascular Injury; White Matter Hyperintensities; Megacapillaries
41954556,Patient-Tailored Minimally Invasive Hybrid Ablation of Complex Ventricular Tachycardia Substrates.,"<h4>Background</h4>Clinical experience with minimally invasive hybrid ventricular tachycardia (VT) ablation remains limited, particularly regarding video-assisted thoracoscopic access.<h4>Objectives</h4>The purpose of this study was to describe procedural characteristics, feasibility, and outcomes of minimally invasive hybrid VT ablation for complex substrates.<h4>Methods</h4>Consecutive patients undergoing minimally invasive hybrid VT ablation at a single tertiary center (2014-2025) were retrospectively analyzed. Multidisciplinary preprocedural evaluation was consistently performed, and from 2022 onward, this was formalized within the VT-TRACT (Ventricular Tachyarrhythmias: A Multidisciplinary Clinical-Translational Approach) care pathway.<h4>Results</h4>In total, 22 patients (86% men, median age 70 years, median PAINESD score 13, 68% VT storm) underwent minimally invasive hybrid VT ablation: left- or right-sided video-assisted thoracoscopic (n = 13 vs 1), subxiphoid access (n = 3), double access (n = 2), and anterolateral minithoracotomy (n = 3). Indications were prior cardiac surgery in 7 (32%), extensive scar in 3 (14%), concomitant left-sided sympathectomy in 2 (9%), hybrid atrial fibrillation ablation in 1 (5%), failed epicardial access in 2 (9%), and pericarditis/tamponade in 2 (9%), while 5 (23%) underwent ablation under direct visualization by preference. Pericardial adhesions (45%) were bluntly dissected. Mean procedure time was 312 ± 98 minutes. At 1 year, median VT burden decreased from 16.5 (Q1-Q3: 9.5-37.0) to 0 (Q1-Q3: 0-5.8) (-81%; P < 0.001), and ICD shocks from 2 (Q1-Q3: 0-5) to 0 (Q1-Q3: 0-0) (-90%; P < 0.001). One hemothorax required reoperation; no other major complications occurred. One-year survival was 82%.<h4>Conclusions</h4>Minimally invasive, patient-tailored hybrid VT ablation-guided by multidisciplinary planning-achieves marked reductions in VT burden and ICD shocks with a favorable safety profile, even in complex post-surgical patients.",Ter Bekke RMA; Kaya YS; Pison L; Evertz R; Vernooy K; Luermans JGLM; Vroomen M; Jeurissen J; Chaldoupi SM; Bidar E; Lorusso R; Sauren B; La Meir M; Maesen B,"Department of Cardiology, Cardiovascular Research Institute Maastricht, Maastricht University Medical Center+, Maastricht, the Netherlands. Electronic address: rachel.ter.bekke@mumc.nl.",JACC. Clinical electrophysiology,2026-04-06,10.1016/j.jacep.2026.02.031,2.5,visualization(abstract); visual(abstract),Ventricular tachycardia; Minimally invasive; Thoracoscopy; Cardiothoracic Surgery; Epicardial Ablation
41944924,The accuracy of spectral CT with quantitative parameters in differentiating septic from aseptic periprosthetic complications.,"<h4>Objectives</h4>To explore the accuracy of spectral CT, using quantitative parameters, in differentiating septic from aseptic periprosthetic complications.<h4>Materials and methods</h4>This study consecutively included patients with clinically suspected periprosthetic complications who underwent preoperative spectral CT and planned revision surgery between September 2020 and June 2024. Spectral quantitative parameters, including iodine concentration (IC), effective atomic number (Zeff), and normalized iodine concentration (NIC) on arterial and venous phases (AP, VP) for periprosthetic bone and soft tissue lesions were measured. Qualitative assessment of periprosthetic joint infection (PJI) was conducted by reviewing spectral CT images. The diagnostic performance of quantitative parameters for PJI was evaluated and compared to qualitative assessment.<h4>Results</h4>A total of 59 patients with 62 prostheses (mean age ± SD, 67.20 years ± 12.12; 26 men; septic group: aseptic group 26: 36 prostheses) were included. The IC-AP values were significantly higher in the septic group compared to the aseptic group across integrated and separate analyses of bone and soft tissue lesions (1.25 ± 0.59 vs. 0.50 ± 0.36; 1.58 ± 0.74 vs. 0.53 ± 0.37; and 1.10 ± 0.43 vs. 0.43 ± 0.32, respectively; all p < 0.001). IC-AP showed the highest diagnostic accuracy, with values of 84.3% (integrated), 90.7% (bone), and 89.6% (soft tissue). Other parameters also showed significant differences (all p ≤ 0.012) and good diagnostic performance. The diagnostic accuracy of qualitative assessment by the senior and junior radiologists, based on CT imaging features of PJI, was 82.3% and 75.8%, respectively.<h4>Conclusions</h4>Spectral CT with quantitative parameters has the potential to improve the differentiation between septic and aseptic periprosthetic complications.<h4>Critical relevance statement</h4>Spectral CT may offer quantitative imaging biomarkers with the potential to improve visualization and identification of periprosthetic joint infections, particularly in complex cases and among less-experienced radiologists, thereby facilitating the clinical decision-making process.<h4>Key points</h4>Accurate diagnosis of periprosthetic joint infection is crucial for treatment decisions. Quantitative parameters of spectral CT showed significant increases and high diagnostic accuracy in identifying septic periprosthetic complications. Spectral CT with quantitative parameters may serve as an imaging biomarker to enhance the clinical decision-making process.",Xu Z; Zhou S; Zhao J; Zhu T; Sheng B; Ali S; Zeng W; Pu Y; Yang H,"Department of Radiology, The First Affiliated Hospital of Chongqing Medical University, No.1 Youyi Road, Yuzhong District, 400016, Chongqing, China.",Insights into imaging,2026-04-07,10.1186/s13244-026-02265-w,2.5,visualization(abstract); visual(abstract),Iodine Concentration; Spectral Ct; Periprosthetic Joint Infection; Quantitative Parameters
